{
  "kappaMin": 0,
  "samples": [
    0,
    0.41298241911546074,
    0.748339754770107,
    0.9439360827265582,
    0.9653752094902246
  ]
}